formula,target
Sr0P0S1,-0.23407036915518264
Sr0P1S0,0.002609444083694088
Sr0P1S1,-0.25385020394122554
Sr0P1S2,-0.2310874048153429
Sr0P1S3,-0.211892510823284
Sr0P1S4,-0.2011446531117919
Sr0P1S5,-0.18120884712099047
Sr0P1S6,-0.17035530497205753
Sr0P1S7,-0.1757307844393309
Sr0P1S8,-0.17731344143805114
Sr0P1S9,-0.17770079358769889
Sr0P1S10,-0.17389530669158845
Sr0P1S11,-0.17355469497781204
Sr0P1S12,-0.16992109567515393
Sr0P1S13,-0.1743600745354577
Sr0P1S14,-0.17047913856477204
Sr0P1S15,-0.16530531308457624
Sr0P2S1,-0.09387679610769344
Sr0P2S3,-0.2380716164147514
Sr0P2S5,-0.21472401478353093
Sr0P2S7,-0.1952177966201841
Sr0P2S9,-0.17800007941697107
Sr0P2S11,-0.18262295026526626
Sr0P2S13,-0.18049088119553308
Sr0P2S15,-0.1756215039983752
Sr0P3S1,-0.06426489120148854
Sr0P3S2,-0.07373743954203689
Sr0P3S4,-0.23335333212191142
Sr0P3S5,-0.23181487818211202
Sr0P3S7,-0.21441877812989393
Sr0P3S8,-0.20630427217997013
Sr0P3S10,-0.19437874228944435
Sr0P3S11,-0.1923362896641542
Sr0P3S13,-0.18888199013700435
Sr0P3S14,-0.18511375206187
Sr0P4S1,-0.043931002456899806
Sr0P4S3,-0.05470878676213706
Sr0P4S5,-0.23780494921768117
Sr0P4S7,-0.2218486509633298
Sr0P4S9,-0.21496591927736877
Sr0P4S11,-0.2108710096519065
Sr0P4S13,-0.2006574624394182
Sr0P4S15,-0.19967773371186773
Sr0P5S1,-0.02861491760841495
Sr0P5S2,-0.04291363160552895
Sr0P5S3,-0.06195743016420281
Sr0P5S4,-0.07205993077747841
Sr0P5S6,-0.23143875214873705
Sr0P5S7,-0.23271988643797722
Sr0P5S8,-0.23038656770568622
Sr0P5S9,-0.2329756169126884
Sr0P5S11,-0.2178095276665372
Sr0P5S12,-0.21062817488387092
Sr0P5S13,-0.21117162758988528
Sr0P5S14,-0.2152294109658832
Sr0P6S1,-0.029605153683897788
Sr0P6S5,-0.09173664444779503
Sr0P6S7,-0.2327781160197904
Sr0P6S11,-0.22498635749874496
Sr0P6S13,-0.21647911987871093
Sr0P7S1,-0.031146092942025274
Sr0P7S2,-0.041136186163715865
Sr0P7S3,-0.06349996757021785
Sr0P7S4,-0.08036247561662618
Sr0P7S5,-0.10576620411655765
Sr0P7S6,-0.1099895558481594
Sr0P7S8,-0.23244842425739048
Sr0P7S9,-0.22855643178556917
Sr0P7S10,-0.22986878575856554
Sr0P7S11,-0.21679413691774346
Sr0P7S12,-0.22098976927238576
Sr0P7S13,-0.21625736212095442
Sr0P8S1,-0.03317042843986077
Sr0P8S3,-0.06527487613550877
Sr0P8S5,-0.10578841299101653
Sr0P8S7,-0.1162863534370514
Sr0P8S9,-0.23185104665322648
Sr0P8S11,-0.22268901796579763
Sr0P9S1,-0.04386228882947116
Sr0P9S2,-0.06119468050271019
Sr0P9S4,-0.09663980545345602
Sr0P9S5,-0.10361361887336948
Sr0P9S7,-0.11595385155735215
Sr0P9S8,-0.12114443882154995
Sr0P9S10,-0.22534636553570273
Sr0P9S11,-0.22078142087798686
Sr0P10S1,-0.05221476044119278
Sr0P10S3,-0.0787215358757685
Sr0P10S7,-0.12465483384319494
Sr0P10S9,-0.12938558845700218
Sr0P11S1,-0.06539568875797402
Sr0P11S2,-0.08104019496667761
Sr0P11S3,-0.07983965925239188
Sr0P11S4,-0.08882590606930046
Sr0P11S5,-0.10859886454436514
Sr0P11S6,-0.12382813054649162
Sr0P11S7,-0.12182785440596548
Sr0P11S8,-0.12249108845700216
Sr0P11S9,-0.12930767946599317
Sr0P12S1,-0.0739133190610043
Sr0P12S5,-0.11653008509194619
Sr0P12S7,-0.12204199321890692
Sr0P13S1,-0.07522762100905628
Sr0P13S2,-0.08435733241256503
Sr0P13S3,-0.09966239446162709
Sr0P13S4,-0.10489727108500374
Sr0P13S5,-0.11111736858476917
Sr0P13S6,-0.11890885685527057
Sr0P13S7,-0.11910786994218363
Sr0P14S1,-0.08949044496288025
Sr0P14S3,-0.09246274186422447
Sr0P14S5,-0.1129018687030719
Sr0P15S1,-0.08868234972478499
Sr0P15S2,-0.09441715095513356
Sr0P15S4,-0.09927263846937368
Sr1P0S0,-0.2106163534947767
Sr1P0S1,-1.278323841888667
Sr1P0S2,-1.079368802722278
Sr1P0S3,-1.0429852986652242
Sr1P0S4,-0.9281764126697865
Sr1P0S5,-0.752669406564067
Sr1P0S6,-0.643416518108525
Sr1P0S7,-0.6028227764994035
Sr1P0S8,-0.5882842010452137
Sr1P0S9,-0.5725106798750182
Sr1P0S10,-0.5636573555841218
Sr1P0S11,-0.5589118569006931
Sr1P0S12,-0.5370581883277198
Sr1P0S13,-0.5100157583754221
Sr1P0S14,-0.4951885445400659
Sr1P0S15,-0.4843998824596284
Sr1P1S0,-1.0553000000000017
Sr1P1S1,-1.1518999999999986
Sr1P1S2,-1.1596831940170944
Sr1P1S3,-1.1746200000000016
Sr1P1S4,-0.970943432534132
Sr1P1S5,-0.7918883033796607
Sr1P1S6,-0.7028356471861469
Sr1P1S7,-0.6490930438197761
Sr1P1S8,-0.6277585890653206
Sr1P1S9,-0.614525904764104
Sr1P1S10,-0.6124476518581178
Sr1P1S11,-0.616836606989605
Sr1P1S12,-0.6060923833900536
Sr1P1S13,-0.5919083522869976
Sr1P1S14,-0.5852654580393463
Sr1P1S15,-0.5830757095919046
Sr1P2S0,-0.8004666666666655
Sr1P2S1,-1.1183669867521366
Sr1P2S2,-1.0672343808219562
Sr1P2S3,-0.8988709507770006
Sr1P2S4,-0.7717833813017388
Sr1P2S5,-0.7102225816055285
Sr1P2S6,-0.6547555555555548
Sr1P2S7,-0.6247002335383911
Sr1P2S8,-0.6151718512287505
Sr1P2S9,-0.6131766667693505
Sr1P2S10,-0.6194920356392833
Sr1P2S11,-0.629574184492185
Sr1P2S12,-0.6240525771829135
Sr1P2S13,-0.6046724737581306
Sr1P2S14,-0.5838543640200874
Sr1P2S15,-0.5762849476565747
Sr1P3S0,-0.661549999999999
Sr1P3S1,-1.00395170996781
Sr1P3S2,-0.8407705364077442
Sr1P3S3,-0.7561257227652457
Sr1P3S4,-0.6969873553884708
Sr1P3S5,-0.6549521696741849
Sr1P3S6,-0.6303351474063945
Sr1P3S7,-0.6237126433981222
Sr1P3S8,-0.6115662000133336
Sr1P3S9,-0.6151563087811741
Sr1P3S10,-0.6297386584463012
Sr1P3S11,-0.6317403136543198
Sr1P3S12,-0.6246880261395299
Sr1P3S13,-0.6087182833369935
Sr1P3S14,-0.592126626824311
Sr1P3S15,-0.5791021553080563
Sr1P4S0,-0.5583945873015871
Sr1P4S1,-0.8116968366466862
Sr1P4S2,-0.7282685068922302
Sr1P4S3,-0.6898222909783371
Sr1P4S4,-0.6575046804781559
Sr1P4S5,-0.6310809190176866
Sr1P4S6,-0.6319360613963607
Sr1P4S7,-0.6179846574506331
Sr1P4S8,-0.6176716455338951
Sr1P4S9,-0.6334971425073895
Sr1P4S10,-0.6375138646947996
Sr1P4S11,-0.6386676367541818
Sr1P4S12,-0.631350108139865
Sr1P4S13,-0.6074014755311942
Sr1P4S14,-0.5975633137664882
Sr1P4S15,-0.5858767292182191
Sr1P5S0,-0.38593333333333374
Sr1P5S1,-0.7286446622735534
Sr1P5S2,-0.6947479773533657
Sr1P5S3,-0.6663648654372115
Sr1P5S4,-0.6333565972667855
Sr1P5S5,-0.626643129022199
Sr1P5S6,-0.6304538036646531
Sr1P5S7,-0.6254521785540913
Sr1P5S8,-0.6353640999768208
Sr1P5S9,-0.6428622387801913
Sr1P5S10,-0.6395589275569463
Sr1P5S11,-0.6347514355939727
Sr1P5S12,-0.6223105284187607
Sr1P5S13,-0.612103873403102
Sr1P5S14,-0.5947585414864118
Sr1P6S0,-0.4074924787440976
Sr1P6S1,-0.6859360297001416
Sr1P6S2,-0.663750080532213
Sr1P6S3,-0.624591361637159
Sr1P6S4,-0.6239293047574376
Sr1P6S5,-0.6189636230392932
Sr1P6S6,-0.627275871931921
Sr1P6S7,-0.6351103946998137
Sr1P6S8,-0.63735499530162
Sr1P6S9,-0.6431965129370633
Sr1P6S10,-0.6355371113515486
Sr1P6S11,-0.6266030223952004
Sr1P6S12,-0.6192462061645958
Sr1P6S13,-0.602507843343997
Sr1P7S0,-0.41273681766001474
Sr1P7S1,-0.6587619370793293
Sr1P7S2,-0.6333163459140276
Sr1P7S3,-0.6091095457838002
Sr1P7S4,-0.6075642451002732
Sr1P7S5,-0.6165981761988617
Sr1P7S6,-0.626444798137587
Sr1P7S7,-0.6326430690081679
Sr1P7S8,-0.6369831709680588
Sr1P7S9,-0.6351444969367237
Sr1P7S10,-0.6299765895859046
Sr1P7S11,-0.6259672062211098
Sr1P7S12,-0.615473288985284
Sr1P8S0,-0.40831672918973033
Sr1P8S1,-0.629003312229996
Sr1P8S2,-0.6138055106960808
Sr1P8S3,-0.60333002773489
Sr1P8S4,-0.6053487984298986
Sr1P8S5,-0.6160356095023316
Sr1P8S6,-0.6295856806314778
Sr1P8S7,-0.6328034064645542
Sr1P8S8,-0.6272702176087246
Sr1P8S9,-0.6241976470021726
Sr1P8S10,-0.6228260847588087
Sr1P8S11,-0.612560034396048
Sr1P9S0,-0.40807750193107567
Sr1P9S1,-0.6164188550641312
Sr1P9S2,-0.6096233278505983
Sr1P9S3,-0.6058170326513703
Sr1P9S4,-0.6085976845384066
Sr1P9S5,-0.6159255964824824
Sr1P9S6,-0.6159216341233763
Sr1P9S7,-0.6207896370678002
Sr1P9S8,-0.6206092158994605
Sr1P9S9,-0.6189364487253204
Sr1P9S10,-0.6110188449625712
Sr1P10S0,-0.40936852883791497
Sr1P10S1,-0.6134429945641736
Sr1P10S2,-0.6170852905440625
Sr1P10S3,-0.6154225670383284
Sr1P10S4,-0.6173217261817305
Sr1P10S5,-0.6123421875926107
Sr1P10S6,-0.6087200832352377
Sr1P10S7,-0.612681380696033
Sr1P10S8,-0.6105362910517247
Sr1P10S9,-0.6028816821249962
Sr1P11S0,-0.4091072240250807
Sr1P11S1,-0.618530734244222
Sr1P11S2,-0.6131064208394981
Sr1P11S3,-0.6142101473482833
Sr1P11S4,-0.611833675251151
Sr1P11S5,-0.6103115176736064
Sr1P11S6,-0.6105830423755126
Sr1P11S7,-0.6015116074857034
Sr1P11S8,-0.5956079022888191
Sr1P12S0,-0.40901051580931985
Sr1P12S1,-0.619583485774563
Sr1P12S2,-0.6136172891611488
Sr1P12S3,-0.6087594876363921
Sr1P12S4,-0.6115603528676521
Sr1P12S5,-0.6109803034258658
Sr1P12S6,-0.600032442015209
Sr1P12S7,-0.5865557031002195
Sr1P13S0,-0.4089940710335073
Sr1P13S1,-0.621477203302563
Sr1P13S2,-0.6051845803436504
Sr1P13S3,-0.6056731237342123
Sr1P13S4,-0.6089125360461867
Sr1P13S5,-0.6002058956492943
Sr1P13S6,-0.583788544173491
Sr1P14S0,-0.42107585025428657
Sr1P14S1,-0.6027950247880949
Sr1P14S2,-0.603313924903803
Sr1P14S3,-0.6017256318159139
Sr1P14S4,-0.6009074892165457
Sr1P14S5,-0.5901826327183827
Sr1P15S0,-0.4251897430008589
Sr1P15S1,-0.6032043108687154
Sr1P15S2,-0.5992547604708848
Sr1P15S3,-0.5966346739899766
Sr1P15S4,-0.5860209409832172
Sr2P0S1,-1.109738373049173
Sr2P0S3,-1.0925641790293046
Sr2P0S5,-1.0941667601093357
Sr2P0S7,-1.0076576692723944
Sr2P0S9,-0.8799011605382916
Sr2P0S11,-0.7072688111622463
Sr2P0S13,-0.607860590468802
Sr2P0S15,-0.5436946719731508
Sr2P1S0,-0.8436333333333336
Sr2P1S1,-1.3909546593573097
Sr2P1S2,-1.2226422497946494
Sr2P1S3,-1.168637993956045
Sr2P1S4,-1.20003615982906
Sr2P1S5,-1.201388454700855
Sr2P1S6,-1.1754452627816625
Sr2P1S7,-1.0941043542568538
Sr2P1S8,-1.0348869597735595
Sr2P1S9,-0.9976342726717721
Sr2P1S10,-0.8716380064182888
Sr2P1S11,-0.791926720241745
Sr2P1S12,-0.7417633472285534
Sr2P1S13,-0.6948250256903055
Sr2P1S14,-0.6920832561393544
Sr2P1S15,-0.6802997912650475
Sr2P2S1,-1.2125057700244193
Sr2P2S3,-1.1766450489316238
Sr2P2S5,-1.15852952944833
Sr2P2S7,-1.0098090909090904
Sr2P2S9,-0.8767691704267953
Sr2P2S11,-0.7635074039300217
Sr2P2S13,-0.6944731183327165
Sr2P2S15,-0.6611714222735644
Sr2P3S0,-0.9415873428266173
Sr2P3S1,-1.1584159759768016
Sr2P3S2,-1.1679920257631258
Sr2P3S3,-1.1562741030885786
Sr2P3S4,-1.1275571832167837
Sr2P3S5,-1.090706362548563
Sr2P3S6,-1.0138126526917528
Sr2P3S7,-0.9460007137612391
Sr2P3S8,-0.8618704280025526
Sr2P3S9,-0.7901357142857123
Sr2P3S10,-0.7659860005562025
Sr2P3S11,-0.7231207768543116
Sr2P3S12,-0.7064635589342204
Sr2P3S13,-0.6852075973864115
Sr2P3S14,-0.668204400762602
Sr2P3S15,-0.660529658994154
Sr2P4S1,-1.1558997826007325
Sr2P4S3,-1.0963842503302255
Sr2P4S5,-0.9840675906315904
Sr2P4S7,-0.8297629498917746
Sr2P4S9,-0.7542414554746931
Sr2P4S11,-0.706641840129633
Sr2P4S13,-0.6715178624623058
Sr2P5S0,-0.7874911632478632
Sr2P5S1,-1.1379143441391946
Sr2P5S2,-1.0859702191475193
Sr2P5S3,-1.0052558205599957
Sr2P5S4,-0.9605169515928519
Sr2P5S5,-0.8947635804658792
Sr2P5S6,-0.8066066112215268
Sr2P5S7,-0.7575581358395982
Sr2P5S8,-0.7288234784340524
Sr2P5S9,-0.7155144080798114
Sr2P5S10,-0.7111498217503516
Sr2P5S11,-0.6944712397650854
Sr2P5S12,-0.6780314145622526
Sr2P5S13,-0.6630435651052771
Sr2P6S1,-1.0538509054612053
Sr2P6S3,-0.9399970103757356
Sr2P6S5,-0.808029277388693
Sr2P6S7,-0.7136549576320477
Sr2P6S9,-0.7102116701212787
Sr2P6S11,-0.6787003970183929
Sr2P7S0,-0.6450277974475813
Sr2P7S1,-0.98630992005217
Sr2P7S2,-0.911114028104936
Sr2P7S3,-0.841199384251567
Sr2P7S4,-0.7916772216660531
Sr2P7S5,-0.7427788762728494
Sr2P7S6,-0.706782795286344
Sr2P7S7,-0.6989119721638184
Sr2P7S8,-0.7004564650252053
Sr2P7S9,-0.6954572776932391
Sr2P7S10,-0.6755283263417011
Sr2P7S11,-0.6667384634049476
Sr2P8S1,-0.904880694178044
Sr2P8S3,-0.783893831827821
Sr2P8S5,-0.7057581615965046
Sr2P8S7,-0.6968036849841936
Sr2P8S9,-0.676505417722113
Sr2P9S0,-0.49253553335611777
Sr2P9S1,-0.8300390537206941
Sr2P9S2,-0.7782707925010658
Sr2P9S3,-0.7305131543333856
Sr2P9S4,-0.7078697266758697
Sr2P9S5,-0.6927005954573464
Sr2P9S6,-0.6949960655344999
Sr2P9S7,-0.6826273826981756
Sr2P9S8,-0.6720446376123018
Sr2P9S9,-0.6671442530528641
Sr2P10S1,-0.7681130095833986
Sr2P10S3,-0.7081141552472983
Sr2P10S5,-0.6923459164116931
Sr2P10S7,-0.6721799067092523
Sr2P11S0,-0.407771748956204
Sr2P11S1,-0.7373852910836324
Sr2P11S2,-0.6997959143548573
Sr2P11S3,-0.6945499444474688
Sr2P11S4,-0.6929067735545502
Sr2P11S5,-0.6817595173838203
Sr2P11S6,-0.6726214489098967
Sr2P11S7,-0.6657721148897201
Sr2P12S1,-0.6979102513511942
Sr2P12S3,-0.7004297735545503
Sr2P12S5,-0.6696748606746026
Sr2P13S0,-0.4281554818451759
Sr2P13S1,-0.690507404027792
Sr2P13S2,-0.694765773882911
Sr2P13S3,-0.6810994718913013
Sr2P13S4,-0.6727510619733039
Sr2P13S5,-0.6624218412571093
Sr2P14S1,-0.6889976410508311
Sr2P14S3,-0.6699089345960371
Sr2P15S0,-0.44115529486052296
Sr2P15S1,-0.678013440863162
Sr2P15S2,-0.662432543658801
Sr2P15S3,-0.6510213908795714
Sr3P0S1,-1.0054753223026967
Sr3P0S2,-1.2276316777167282
Sr3P0S4,-1.1151028316849823
Sr3P0S5,-1.112005790354091
Sr3P0S7,-1.1193268849567106
Sr3P0S8,-1.1078208793040298
Sr3P0S10,-1.0328058890498388
Sr3P0S11,-1.0031946290012617
Sr3P0S13,-0.8874362030506125
Sr3P0S14,-0.7932596376005826
Sr3P1S0,-0.59525
Sr3P1S1,-1.3771225202686213
Sr3P1S2,-1.4066773445387946
Sr3P1S3,-1.2417577395160393
Sr3P1S4,-1.174237778366079
Sr3P1S5,-1.216253073015874
Sr3P1S6,-1.2207988213675214
Sr3P1S7,-1.224443672649573
Sr3P1S8,-1.2381375365079368
Sr3P1S9,-1.256530124475524
Sr3P1S10,-1.1924840945165942
Sr3P1S11,-1.1541802475746468
Sr3P1S12,-1.1082325978465968
Sr3P1S13,-1.0050343163722235
Sr3P1S14,-0.9238631719140505
Sr3P1S15,-0.8405650907846534
Sr3P2S0,-0.9569866588827841
Sr3P2S1,-1.4052709812909316
Sr3P2S2,-1.3266206869186374
Sr3P2S3,-1.2245306864857366
Sr3P2S4,-1.2262694507326015
Sr3P2S5,-1.2187376416666666
Sr3P2S6,-1.2263600449633703
Sr3P2S7,-1.2321799895299146
Sr3P2S8,-1.265230769230769
Sr3P2S9,-1.232988082983683
Sr3P2S10,-1.1547331914307906
Sr3P2S11,-1.0830533574758565
Sr3P2S12,-1.0121663141244714
Sr3P2S13,-0.9250632020558386
Sr3P2S14,-0.8446655998755626
Sr3P2S15,-0.7872306986995455
Sr3P3S1,-1.2622302337995341
Sr3P3S2,-1.212007109096459
Sr3P3S4,-1.1998566809523807
Sr3P3S5,-1.2090485056776559
Sr3P3S7,-1.243941495970696
Sr3P3S8,-1.237665173892774
Sr3P3S10,-1.0696988678321666
Sr3P3S11,-0.9925049645389694
Sr3P3S13,-0.84518924756121
Sr3P3S14,-0.7908154969451597
Sr3P4S0,-0.9840617961538457
Sr3P4S1,-1.172306638797314
Sr3P4S2,-1.207797387637363
Sr3P4S3,-1.19741919035409
Sr3P4S4,-1.1924960153846156
Sr3P4S5,-1.198220316178266
Sr3P4S6,-1.2061319840048839
Sr3P4S7,-1.2078097378732375
Sr3P4S8,-1.1696773975135972
Sr3P4S9,-1.0664434447429756
Sr3P4S10,-0.9719616959742007
Sr3P4S11,-0.9073356274146903
Sr3P4S12,-0.820973265888497
Sr3P4S13,-0.7829672475717261
Sr3P5S0,-0.9374890248445995
Sr3P5S1,-1.2109333371184376
Sr3P5S2,-1.1975231863858362
Sr3P5S3,-1.1940173254884008
Sr3P5S4,-1.1805824405982905
Sr3P5S5,-1.1865620473692975
Sr3P5S6,-1.174770497113997
Sr3P5S7,-1.1304164507603505
Sr3P5S8,-1.0541940177033486
Sr3P5S9,-0.9536227776289494
Sr3P5S10,-0.869191201435406
Sr3P5S11,-0.805491944814834
Sr3P5S12,-0.7698568312591086
Sr3P6S1,-1.194836011141636
Sr3P6S2,-1.1883347945054952
Sr3P6S4,-1.1885584566156062
Sr3P6S5,-1.148948765645465
Sr3P6S7,-1.0393323216835786
Sr3P6S8,-0.9471501211696192
Sr3P6S10,-0.7866421550914166
Sr3P6S11,-0.7472269758706374
Sr3P7S0,-0.8471381397713396
Sr3P7S1,-1.1899958417249417
Sr3P7S2,-1.18340551495449
Sr3P7S3,-1.1699443864746364
Sr3P7S4,-1.1112292508103006
Sr3P7S5,-1.0717453660561655
Sr3P7S6,-1.0075349029642862
Sr3P7S7,-0.9315935855777256
Sr3P7S8,-0.8502850833049983
Sr3P7S9,-0.7783434289035692
Sr3P7S10,-0.7292190463650553
Sr3P8S0,-0.8207616466699967
Sr3P8S1,-1.1632959798340545
Sr3P8S2,-1.1461912721445218
Sr3P8S3,-1.080412942329892
Sr3P8S4,-1.0565899363753202
Sr3P8S5,-0.9864275597211261
Sr3P8S6,-0.9221820573392976
Sr3P8S7,-0.8351827846519143
Sr3P8S8,-0.7855571671810815
Sr3P8S9,-0.7141207708505114
Sr3P9S1,-1.110436375119325
Sr3P9S2,-1.0652060403213743
Sr3P9S4,-0.964007114666181
Sr3P9S5,-0.8966309085722751
Sr3P9S7,-0.7719037400146805
Sr3P9S8,-0.7160841117026421
Sr3P10S0,-0.6902842433427676
Sr3P10S1,-1.0613645388666888
Sr3P10S2,-1.0138433914119498
Sr3P10S3,-0.9527514483272569
Sr3P10S4,-0.8629735987794536
Sr3P10S5,-0.8063047492487212
Sr3P10S6,-0.7539762849925098
Sr3P10S7,-0.7131415929056493
Sr3P11S0,-0.6183880698640538
Sr3P11S1,-1.010073561466895
Sr3P11S2,-0.9406366841192428
Sr3P11S3,-0.846612859324172
Sr3P11S4,-0.8010352376287622
Sr3P11S5,-0.7553478150676979
Sr3P11S6,-0.7036726773153918
Sr3P12S1,-0.9075507117257176
Sr3P12S2,-0.8414714353937165
Sr3P12S4,-0.7493558667879074
Sr3P12S5,-0.6996087380590513
Sr3P13S0,-0.5284318441120284
Sr3P13S1,-0.8408689158588655
Sr3P13S2,-0.7947674523911931
Sr3P13S3,-0.7445201207561616
Sr3P13S4,-0.6849545793288928
Sr3P14S0,-0.47556991777170204
Sr3P14S1,-0.7772526369288775
Sr3P14S2,-0.7235453778990187
Sr3P14S3,-0.680029698376512
Sr3P15S1,-0.7133106696347683
Sr3P15S2,-0.6759975446588845
Sr4P0S1,-0.8433487992478448
Sr4P0S3,-1.2510005126373633
Sr4P0S5,-1.1427566229548232
Sr4P0S7,-1.1295887692612945
Sr4P0S9,-1.1173731457264962
Sr4P0S11,-1.109489347216673
Sr4P0S13,-1.0491116232406483
Sr4P0S15,-0.9393496428374255
Sr4P1S0,-0.6319585603425987
Sr4P1S1,-1.335492322588523
Sr4P1S2,-1.388310952214453
Sr4P1S3,-1.3763034491564
Sr4P1S4,-1.2558812715895211
Sr4P1S5,-1.1704747250693759
Sr4P1S6,-1.1993608527167288
Sr4P1S7,-1.215885076923078
Sr4P1S8,-1.2485809695665457
Sr4P1S9,-1.2664945866910886
Sr4P1S10,-1.273436214743592
Sr4P1S11,-1.264861357051284
Sr4P1S12,-1.2179402713591976
Sr4P1S13,-1.1419088387473646
Sr4P1S14,-1.060318433008658
Sr4P1S15,-0.9868170863494692
Sr4P2S1,-1.401214285714287
Sr4P2S3,-1.3260427080974586
Sr4P2S5,-1.2125466773587532
Sr4P2S7,-1.257075387515264
Sr4P2S9,-1.264042838064715
Sr4P2S11,-1.226189969105896
Sr4P2S13,-1.0770013027833276
Sr4P3S0,-1.0231694565018319
Sr4P3S1,-1.3928979744366752
Sr4P3S2,-1.3232011566156074
Sr4P3S3,-1.2826363198135198
Sr4P3S4,-1.2218589308524808
Sr4P3S5,-1.2194482641636153
Sr4P3S6,-1.2390968016788781
Sr4P3S7,-1.2536998764346778
Sr4P3S8,-1.2594679592185607
Sr4P3S9,-1.259641647222224
Sr4P3S10,-1.2233299139776903
Sr4P3S11,-1.1729852818265076
Sr4P3S12,-1.079270442976468
Sr4P3S13,-0.9981550967945796
Sr4P4S1,-1.262035746925297
Sr4P4S3,-1.21859543030303
Sr4P4S5,-1.2279448037851048
Sr4P4S7,-1.2297906022588532
Sr4P4S9,-1.181339117396493
Sr4P4S11,-1.0605580936369186
Sr4P5S0,-1.0064915187395933
Sr4P5S1,-1.159682251098902
Sr4P5S2,-1.19914846425519
Sr4P5S3,-1.212360086874238
Sr4P5S4,-1.228457196947498
Sr4P5S5,-1.2218432898962157
Sr4P5S6,-1.223021335317461
Sr4P5S7,-1.2138608737790002
Sr4P5S8,-1.1661401935536693
Sr4P5S9,-1.1218569063408825
Sr4P5S10,-1.0400557285631034
Sr4P5S11,-0.9561172381337961
Sr4P6S1,-1.1995138869685875
Sr4P6S3,-1.2240459963980475
Sr4P6S5,-1.2096949228632485
Sr4P6S7,-1.1677312079281836
Sr4P6S9,-1.0191014966949714
Sr4P7S0,-0.9416102284465531
Sr4P7S1,-1.2135893546703307
Sr4P7S2,-1.2208995216727727
Sr4P7S3,-1.2186180538766798
Sr4P7S4,-1.2063748768315026
Sr4P7S5,-1.20491775412088
Sr4P7S6,-1.169738120321346
Sr4P7S7,-1.102322905497281
Sr4P7S8,-0.9990836723933958
Sr4P7S9,-0.918022589941637
Sr4P8S1,-1.215406878785105
Sr4P8S3,-1.2105308409340665
Sr4P8S5,-1.1597152762654017
Sr4P8S7,-0.9830496407361641
Sr4P9S0,-0.8483427374209122
Sr4P9S1,-1.2155913961205471
Sr4P9S2,-1.207885432140083
Sr4P9S3,-1.1907629320984576
Sr4P9S4,-1.1423021197552454
Sr4P9S5,-1.0366925727707965
Sr4P9S6,-0.9771503227874461
Sr4P9S7,-0.8675051136454186
Sr4P10S1,-1.1996691540515048
Sr4P10S3,-1.1054296704961708
Sr4P10S5,-0.9734267779156512
Sr4P11S0,-0.7654907331168828
Sr4P11S1,-1.1361279736393732
Sr4P11S2,-1.0676922216829956
Sr4P11S3,-1.029409979880354
Sr4P11S4,-0.9561928077349547
Sr4P11S5,-0.8501026732555452
Sr4P12S1,-1.055129016887791
Sr4P12S3,-0.9301902455502095
Sr4P13S0,-0.6892670235672217
Sr4P13S1,-0.984740808133241
Sr4P13S2,-0.9195565437520078
Sr4P13S3,-0.8527392693483413
Sr4P14S1,-0.9021825349913242
Sr4P15S0,-0.6071270971972813
Sr4P15S1,-0.8243254779666408
Sr5P0S1,-0.8126531391973691
Sr5P0S2,-1.0815959167943163
Sr5P0S3,-1.238854862104563
Sr5P0S4,-1.2645723070818078
Sr5P0S6,-1.1559865479853486
Sr5P0S7,-1.1378617618131872
Sr5P0S8,-1.1243684087301593
Sr5P0S9,-1.1283825031135544
Sr5P0S11,-1.1209388883699645
Sr5P0S12,-1.1062750345238102
Sr5P0S13,-1.1105235370879132
Sr5P0S14,-1.0925211069208582
Sr5P1S0,-0.6248158692702207
Sr5P1S1,-1.2607186651959157
Sr5P1S2,-1.366890874972251
Sr5P1S3,-1.381469060051061
Sr5P1S4,-1.3792557777583527
Sr5P1S5,-1.2535472960428458
Sr5P1S6,-1.1812745273282284
Sr5P1S7,-1.1748231287323798
Sr5P1S8,-1.174447170665447
Sr5P1S9,-1.164547599847376
Sr5P1S10,-1.1641849253968268
Sr5P1S11,-1.1663647742979257
Sr5P1S12,-1.1520844340964604
Sr5P1S13,-1.1489155524114782
Sr5P1S14,-1.11704814374237
Sr5P2S0,-0.7669237067765567
Sr5P2S1,-1.348443395868022
Sr5P2S2,-1.385033026168277
Sr5P2S3,-1.3764785288406045
Sr5P2S4,-1.3335895251970258
Sr5P2S5,-1.2291006468586965
Sr5P2S6,-1.1766559139887902
Sr5P2S7,-1.178279848598625
Sr5P2S8,-1.1667090220695984
Sr5P2S9,-1.1607123527472543
Sr5P2S10,-1.1624286995116007
Sr5P2S11,-1.151461396733823
Sr5P2S12,-1.1420484754884015
Sr5P2S13,-1.122382892826619
Sr5P3S0,-0.9655684445970698
Sr5P3S1,-1.3847853331113342
Sr5P3S2,-1.3836487727355986
Sr5P3S3,-1.330866822483073
Sr5P3S4,-1.3032280681207684
Sr5P3S5,-1.224102955161505
Sr5P3S6,-1.1611538572066835
Sr5P3S7,-1.1557514524725288
Sr5P3S8,-1.154505283150184
Sr5P3S9,-1.1457466232295495
Sr5P3S10,-1.138324959859586
Sr5P3S11,-1.1308005345848604
Sr5P3S12,-1.1132831787851047
Sr5P4S0,-1.0382872721583976
Sr5P4S1,-1.3817888084498844
Sr5P4S2,-1.34114476945277
Sr5P4S3,-1.3091962193029196
Sr5P4S4,-1.2675028812742815
Sr5P4S5,-1.1952518455544456
Sr5P4S6,-1.1575174242091255
Sr5P4S7,-1.1449404347069607
Sr5P4S8,-1.1310996219169729
Sr5P4S9,-1.1194142607753368
Sr5P4S10,-1.1010888318653576
Sr5P4S11,-1.0792764300671562
Sr5P5S1,-1.2688290241258742
Sr5P5S2,-1.2387770763181265
Sr5P5S3,-1.2089245087246085
Sr5P5S4,-1.1933566455877458
Sr5P5S6,-1.15277755375458
Sr5P5S7,-1.1239431739010997
Sr5P5S8,-1.1116539982600744
Sr5P5S9,-1.0969774203879463
Sr5P6S0,-1.0180356538128537
Sr5P6S1,-1.1545152729298491
Sr5P6S2,-1.1609803409673674
Sr5P6S3,-1.1536712054362317
Sr5P6S4,-1.1693381438644699
Sr5P6S5,-1.1549460267399276
Sr5P6S6,-1.1404114237179492
Sr5P6S7,-1.1151249803113563
Sr5P6S8,-1.0985486191058949
Sr5P6S9,-1.073198999231325
Sr5P7S0,-0.9915448242673989
Sr5P7S1,-1.1633962468614731
Sr5P7S2,-1.1561854242396505
Sr5P7S3,-1.1709230394688657
Sr5P7S4,-1.1548371714285723
Sr5P7S5,-1.1274379276251536
Sr5P7S6,-1.11646663415751
Sr5P7S7,-1.104267000302476
Sr5P7S8,-1.0702295340603847
Sr5P8S0,-0.9595911158091904
Sr5P8S1,-1.153249392493619
Sr5P8S2,-1.1636255006743268
Sr5P8S3,-1.1489691473137986
Sr5P8S4,-1.1239656297008558
Sr5P8S5,-1.1170760187728945
Sr5P8S6,-1.0943175037212791
Sr5P8S7,-1.0603337115273619
Sr5P9S0,-0.9213589400765898
Sr5P9S1,-1.1631732961566223
Sr5P9S2,-1.1468917285103795
Sr5P9S3,-1.1269186297008558
Sr5P9S4,-1.1137342505189263
Sr5P9S5,-1.092449261685537
Sr5P9S6,-1.044741396842047
Sr5P10S1,-1.1404052059246315
Sr5P10S2,-1.118898184188035
Sr5P10S3,-1.1105463930985688
Sr5P10S4,-1.074401849680875
Sr5P11S0,-0.8563382905344651
Sr5P11S1,-1.1067085331168836
Sr5P11S2,-1.0981409522477525
Sr5P11S3,-1.0706043124680877
Sr5P11S4,-1.018384277705628
Sr5P12S0,-0.8290642381535127
Sr5P12S1,-1.0722961060939062
Sr5P12S2,-1.0567780439366192
Sr5P12S3,-0.9849634097371929
Sr5P13S0,-0.7995016774392273
Sr5P13S1,-1.0279280894075224
Sr5P13S2,-0.9788868526822594
Sr5P14S0,-0.7541570410839157
Sr5P14S1,-0.9745265314035381
Sr6P0S1,-0.7932549476250524
Sr6P0S5,-1.2532432170190924
Sr6P0S7,-1.1608783534798544
Sr6P0S11,-1.1298183072344332
Sr6P0S13,-1.106367860897437
Sr6P1S0,-0.6245393559918324
Sr6P1S1,-1.151241022888223
Sr6P1S2,-1.33102198896659
Sr6P1S3,-1.3629778728077488
Sr6P1S4,-1.375070661602287
Sr6P1S5,-1.3568091566849823
Sr6P1S6,-1.2527615075258074
Sr6P1S7,-1.1538706848928857
Sr6P1S8,-1.1467351672188932
Sr6P1S9,-1.1424305414835174
Sr6P1S10,-1.1367253381868143
Sr6P1S11,-1.1433077049450562
Sr6P1S12,-1.1461271384004892
Sr6P1S13,-1.1424515417887682
Sr6P2S1,-1.3092863435175943
Sr6P2S3,-1.3724510826257081
Sr6P2S5,-1.341647947594073
Sr6P2S7,-1.148386044966146
Sr6P2S9,-1.1426158586996344
Sr6P2S11,-1.142751278205129
Sr6P3S1,-1.3557253397990905
Sr6P3S2,-1.3870955577339337
Sr6P3S4,-1.3333999028887782
Sr6P3S5,-1.3173235908119663
Sr6P3S7,-1.133616124392275
Sr6P3S8,-1.1285376064102572
Sr6P3S10,-1.1216631153540912
Sr6P3S11,-1.1191745288461548
Sr6P4S1,-1.3776085145271406
Sr6P4S3,-1.3507707189060947
Sr6P4S5,-1.2886243892773894
Sr6P4S7,-1.1193439069014324
Sr6P4S9,-1.1081978310134317
Sr6P5S0,-1.0407215432206687
Sr6P5S1,-1.3733407531718287
Sr6P5S2,-1.349890681027307
Sr6P5S3,-1.3205538888195145
Sr6P5S4,-1.2931843505383507
Sr6P5S5,-1.2686458692918192
Sr6P5S6,-1.1783601012154508
Sr6P5S7,-1.1216894476190482
Sr6P5S8,-1.1068837387057393
Sr6P5S9,-1.1007851952075705
Sr6P6S1,-1.2640208377289381
Sr6P6S5,-1.186248022427572
Sr6P6S7,-1.1044091906288158
Sr6P7S0,-1.0137679465201466
Sr6P7S1,-1.1492503724858483
Sr6P7S2,-1.1325545223776234
Sr6P7S3,-1.131711368226219
Sr6P7S4,-1.124722428388279
Sr6P7S5,-1.1197859535714294
Sr6P7S6,-1.1041361864163617
Sr6P7S7,-1.0972891540598295
Sr6P8S1,-1.134075562337663
Sr6P8S3,-1.1265006744200254
Sr6P8S5,-1.1006783815323569
Sr6P9S1,-1.1258042320845834
Sr6P9S2,-1.1236151475912985
Sr6P9S4,-1.099573201712177
Sr6P9S5,-1.0976768540598296
Sr6P10S1,-1.1192059864191375
Sr6P10S3,-1.1038899030525036
Sr6P11S0,-0.8935508380036624
Sr6P11S1,-1.1130424844350104
Sr6P11S2,-1.1025690370268624
Sr6P11S3,-1.084338194716395
Sr6P12S1,-1.0852489444083695
Sr6P13S0,-0.8500924354978352
Sr6P13S1,-1.0666710858003108
Sr7P0S1,-0.7433718991513041
Sr7P0S2,-0.9506483459401703
Sr7P0S3,-1.0965848817293815
Sr7P0S4,-1.2112983254745258
Sr7P0S5,-1.227825080375181
Sr7P0S6,-1.228368666594517
Sr7P0S8,-1.1459757643800652
Sr7P0S9,-1.1404427681013438
Sr7P0S10,-1.138906443131869
Sr7P0S11,-1.134519992124543
Sr7P0S12,-1.1326691221611735
Sr7P0S13,-1.1157354473443235
Sr7P1S0,-0.6343575898153619
Sr7P1S1,-0.9650892853590846
Sr7P1S2,-1.2870040691669447
Sr7P1S3,-1.3430836429681436
Sr7P1S4,-1.332287563131314
Sr7P1S5,-1.3441917869491626
Sr7P1S6,-1.338446116286492
Sr7P1S7,-1.2452476241314243
Sr7P1S8,-1.155119531138307
Sr7P1S9,-1.1471712843434352
Sr7P1S10,-1.1424504192918206
Sr7P1S11,-1.136061544200245
Sr7P1S12,-1.1381538647130658
Sr7P2S0,-0.6349307005494506
Sr7P2S1,-1.2328739669358424
Sr7P2S2,-1.342815995393496
Sr7P2S3,-1.3492191136363645
Sr7P2S4,-1.3501601572871578
Sr7P2S5,-1.344662070831947
Sr7P2S6,-1.3285499898018656
Sr7P2S7,-1.2295110819069819
Sr7P2S8,-1.1407330416694423
Sr7P2S9,-1.1415225814130325
Sr7P2S10,-1.138359774053725
Sr7P2S11,-1.1344105805250315
Sr7P3S0,-0.8102438962121211
Sr7P3S1,-1.3257646569957828
Sr7P3S2,-1.3563195600649363
Sr7P3S3,-1.3517275487012999
Sr7P3S4,-1.3439574705710964
Sr7P3S5,-1.3236230457459215
Sr7P3S6,-1.301586368672994
Sr7P3S7,-1.2079587140803643
Sr7P3S8,-1.1256586249112008
Sr7P3S9,-1.1193351321123326
Sr7P3S10,-1.1191281469169727
Sr7P4S0,-0.9350255062853812
Sr7P4S1,-1.3470366655427912
Sr7P4S2,-1.3591768933566444
Sr7P4S3,-1.3599244337745595
Sr7P4S4,-1.32491953384116
Sr7P4S5,-1.3083535738011995
Sr7P4S6,-1.2949374776196032
Sr7P4S7,-1.1996555425851925
Sr7P4S8,-1.11557776914197
Sr7P4S9,-1.1138638814407822
Sr7P5S0,-0.9972572432983686
Sr7P5S1,-1.3605397307969818
Sr7P5S2,-1.355269272158398
Sr7P5S3,-1.3322193113969374
Sr7P5S4,-1.3072503595154854
Sr7P5S5,-1.29590372437285
Sr7P5S6,-1.2902435450799208
Sr7P5S7,-1.178949529409479
Sr7P5S8,-1.1138572477411486
Sr7P6S0,-1.0328245551254305
Sr7P6S1,-1.3574311225857485
Sr7P6S2,-1.3384584797286059
Sr7P6S3,-1.3099192036713296
Sr7P6S4,-1.302783815503941
Sr7P6S5,-1.2951567119269627
Sr7P6S6,-1.2983541004134762
Sr7P6S7,-1.2015725342796093
Sr7P7S1,-1.265460596447997
Sr7P7S2,-1.2374257548174055
Sr7P7S3,-1.2180250455044959
Sr7P7S4,-1.2041275276889778
Sr7P7S5,-1.1958232885059388
Sr7P7S6,-1.1987420035547787
Sr7P8S0,-1.0023461469447217
Sr7P8S1,-1.1430162543539801
Sr7P8S2,-1.136022701254302
Sr7P8S3,-1.1173222518981027
Sr7P8S4,-1.1044162660284165
Sr7P8S5,-1.1027238872127874
Sr7P9S0,-0.9876875129120879
Sr7P9S1,-1.133264401498502
Sr7P9S2,-1.1226453234154743
Sr7P9S3,-1.0993901659063166
Sr7P9S4,-1.0989936152347657
Sr7P10S0,-0.9607887435564435
Sr7P10S1,-1.1234769206376967
Sr7P10S2,-1.101777951620602
Sr7P10S3,-1.0992702452713958
Sr7P11S0,-0.9509544074758571
Sr7P11S1,-1.104009370091021
Sr7P11S2,-1.0982258533300038
Sr7P12S0,-0.9221114387362634
Sr7P12S1,-1.0919214772616277
Sr7P13S0,-0.8971150052925141
Sr8P0S1,-0.7227389793195366
Sr8P0S3,-1.0675867436757682
Sr8P0S5,-1.195231897682873
Sr8P0S7,-1.2135635567349317
Sr8P0S9,-1.14170676975247
Sr8P0S11,-1.1352718910866917
Sr8P1S0,-0.6014673736882228
Sr8P1S1,-0.8762391020060343
Sr8P1S2,-1.1946738180180934
Sr8P1S3,-1.2996345840520602
Sr8P1S4,-1.3194114683649696
Sr8P1S5,-1.3293408359973367
Sr8P1S6,-1.3291503886391394
Sr8P1S7,-1.3201636047286052
Sr8P1S8,-1.2757494542540795
Sr8P1S9,-1.1364927322705083
Sr8P1S10,-1.1333066785742048
Sr8P1S11,-1.1293384767399275
Sr8P2S1,-1.1378780287323786
Sr8P2S3,-1.3309475825285835
Sr8P2S5,-1.3318072497780005
Sr8P2S7,-1.3043151479353983
Sr8P2S9,-1.124906444813521
Sr8P3S0,-0.7209639651681649
Sr8P3S1,-1.2637497061133318
Sr8P3S2,-1.3238177881285393
Sr8P3S3,-1.3421706446192707
Sr8P3S4,-1.343122812187813
Sr8P3S5,-1.3245574235764244
Sr8P3S6,-1.3023609652430905
Sr8P3S7,-1.2946056410672666
Sr8P3S8,-1.2350222328921077
Sr8P3S9,-1.1072026325424584
Sr8P4S1,-1.314754111180487
Sr8P4S3,-1.352691033189034
Sr8P4S5,-1.3112316578837837
Sr8P4S7,-1.2894460638666891
Sr8P5S0,-0.9656307254412256
Sr8P5S1,-1.3286778597652358
Sr8P5S2,-1.3528345077145085
Sr8P5S3,-1.329147196345322
Sr8P5S4,-1.3118996182012441
Sr8P5S5,-1.307342761058387
Sr8P5S6,-1.2939401867021871
Sr8P5S7,-1.2875653332639587
Sr8P6S1,-1.3480475242257748
Sr8P6S3,-1.3131603454739715
Sr8P6S5,-1.301563331404707
Sr8P7S0,-1.0196788103146857
Sr8P7S1,-1.32545130885781
Sr8P7S2,-1.3149830070901332
Sr8P7S3,-1.3065497026168285
Sr8P7S4,-1.2998336171189928
Sr8P7S5,-1.2934157160617168
Sr8P8S1,-1.2890723919497176
Sr8P8S3,-1.2479611253552008
Sr8P9S0,-0.9954093314685314
Sr8P9S1,-1.11830515430958
Sr8P9S2,-1.1152919381923638
Sr8P9S3,-1.0974681710955716
Sr8P10S1,-1.112758997624598
Sr8P11S0,-0.9616358887029639
Sr8P11S1,-1.1028542704267965
Sr9P0S1,-0.7040478093947248
Sr9P0S2,-0.845443638148418
Sr9P0S4,-1.0943977969474965
Sr9P0S5,-1.171846537762238
Sr9P0S7,-1.1736198981268733
Sr9P0S8,-1.178874883047508
Sr9P0S10,-1.1389085484459989
Sr9P0S11,-1.132061062057387
Sr9P1S0,-0.6014462644378241
Sr9P1S1,-0.8295566290983867
Sr9P1S2,-1.0851331587828836
Sr9P1S3,-1.2337960789821296
Sr9P1S4,-1.2877762687284948
Sr9P1S5,-1.2903260985403497
Sr9P1S6,-1.2945878511349773
Sr9P1S7,-1.2783033068320577
Sr9P1S8,-1.2701181310078817
Sr9P1S9,-1.2681231409701414
Sr9P1S10,-1.1376143477439238
Sr9P2S0,-0.6352509633340516
Sr9P2S1,-0.976067194649794
Sr9P2S2,-1.2311147991536249
Sr9P2S3,-1.2901662075119336
Sr9P2S4,-1.302644320915197
Sr9P2S5,-1.3038593143384403
Sr9P2S6,-1.2796631419968927
Sr9P2S7,-1.2730474942696197
Sr9P2S8,-1.264890106615607
Sr9P2S9,-1.2596908682428687
Sr9P3S1,-1.1900810271756026
Sr9P3S2,-1.2693341984792994
Sr9P3S4,-1.3028255484654248
Sr9P3S5,-1.289356630092131
Sr9P3S7,-1.2691292554251308
Sr9P3S8,-1.254015860583861
Sr9P4S0,-0.8008120390692638
Sr9P4S1,-1.2597041080863591
Sr9P4S2,-1.2861076003579766
Sr9P4S3,-1.3005276745476757
Sr9P4S4,-1.3010294342879352
Sr9P4S5,-1.2977797940531695
Sr9P4S6,-1.2715002099705854
Sr9P4S7,-1.261596910367411
Sr9P5S0,-0.9168961063936059
Sr9P5S1,-1.2866671542207804
Sr9P5S2,-1.2942253613886125
Sr9P5S3,-1.2989144218004227
Sr9P5S4,-1.2950726355033861
Sr9P5S5,-1.2769529242562998
Sr9P5S6,-1.2641660849705856
Sr9P6S1,-1.2921460594405605
Sr9P6S2,-1.293976772227773
Sr9P6S4,-1.2806585086718842
Sr9P6S5,-1.2628038658147416
Sr9P7S0,-0.9736485729686983
Sr9P7S1,-1.28623029928405
Sr9P7S2,-1.2849200373792882
Sr9P7S3,-1.2766306666389173
Sr9P7S4,-1.264553580100456
Sr9P8S0,-0.994806785589411
Sr9P8S1,-1.2824760016650023
Sr9P8S2,-1.2677326529304036
Sr9P8S3,-1.262204062395938
Sr9P9S1,-1.2835620916527928
Sr9P9S2,-1.2610900449772457
Sr9P10S0,-0.9982663981934732
Sr9P10S1,-1.1195773033022538
Sr9P11S0,-0.9758191547286047
Sr10P0S1,-0.6754243801230162
Sr10P0S3,-0.9103967357420352
Sr10P0S7,-1.155566716638917
Sr10P0S9,-1.1536683473332223
Sr10P1S0,-0.5846898435845547
Sr10P1S1,-0.8105375888627706
Sr10P1S2,-0.9423313390026634
Sr10P1S3,-1.1192606783660783
Sr10P1S4,-1.227786781363082
Sr10P1S5,-1.2540996951187713
Sr10P1S6,-1.261480824087025
Sr10P1S7,-1.2480836524170282
Sr10P1S8,-1.2267741778915535
Sr10P1S9,-1.2161426333250087
Sr10P2S1,-0.8940079553807297
Sr10P2S3,-1.2136165930097687
Sr10P2S5,-1.2685397618159628
Sr10P2S7,-1.236470163239539
Sr10P3S0,-0.6202626222194472
Sr10P3S1,-1.0601778352924849
Sr10P3S2,-1.1893093328699083
Sr10P3S3,-1.2382451735847497
Sr10P3S4,-1.264273000993452
Sr10P3S5,-1.2591233488455997
Sr10P3S6,-1.2434634251443009
Sr10P3S7,-1.2295020077283831
Sr10P4S1,-1.1739571808552562
Sr10P4S3,-1.2632816023365536
Sr10P4S5,-1.2470065046897556
Sr10P5S1,-1.2193149088494846
Sr10P5S2,-1.2532680664418927
Sr10P5S3,-1.2508798881757142
Sr10P5S4,-1.2448123314879573
Sr10P6S1,-1.2516866021561783
Sr10P6S3,-1.247112159237985
Sr10P7S0,-0.9447415816683318
Sr10P7S1,-1.2390350075840835
Sr10P7S2,-1.2297311217199476
Sr10P7S3,-1.225478660436786
Sr10P8S1,-1.2267669253330011
Sr10P9S0,-0.9556513469447222
Sr10P9S1,-1.2198102421828176
Sr11P0S1,-0.672081017113219
Sr11P0S2,-0.7666055317572945
Sr11P0S3,-0.8365501499916743
Sr11P0S4,-0.9760071523920518
Sr11P0S5,-1.0354889725746474
Sr11P0S6,-1.1132371780330783
Sr11P0S7,-1.1218625402763904
Sr11P0S8,-1.1242322885725389
Sr11P0S9,-1.130730968697969
Sr11P1S0,-0.5809144799481911
Sr11P1S1,-0.7601803237359384
Sr11P1S2,-0.8494678565712056
Sr11P1S3,-1.033097046331446
Sr11P1S4,-1.1301241534493283
Sr11P1S5,-1.186065536399712
Sr11P1S6,-1.2018453029942284
Sr11P1S7,-1.1881516409978914
Sr11P1S8,-1.1796284086885338
Sr11P2S0,-0.6182504806062531
Sr11P2S1,-0.8144603791819282
Sr11P2S2,-1.017629266569541
Sr11P2S3,-1.112177141935842
Sr11P2S4,-1.1759712943084693
Sr11P2S5,-1.1990108001082256
Sr11P2S6,-1.1908567838550341
Sr11P2S7,-1.183755783688534
Sr11P3S0,-0.6286272039906172
Sr11P3S1,-0.9154889924686418
Sr11P3S2,-1.0953397550310797
Sr11P3S3,-1.1684387360334112
Sr11P3S4,-1.1933612001387506
Sr11P3S5,-1.1983178646991899
Sr11P3S6,-1.1898461884504388
Sr11P4S0,-0.6747755173659674
Sr11P4S1,-1.070926469316794
Sr11P4S2,-1.1512099194083694
Sr11P4S3,-1.1851113817349321
Sr11P4S4,-1.197208096842047
Sr11P4S5,-1.1862098264374517
Sr11P5S0,-0.8018996934648682
Sr11P5S1,-1.1344405868381617
Sr11P5S2,-1.178734773551449
Sr11P5S3,-1.18058126491009
Sr11P5S4,-1.184252676712177
Sr11P6S0,-0.9036570741425236
Sr11P6S1,-1.1714571635947388
Sr11P6S2,-1.179227309781885
Sr11P6S3,-1.1716074391941393
Sr11P7S0,-0.9253476660839158
Sr11P7S1,-1.165050809781885
Sr11P7S2,-1.172375388827839
Sr11P8S0,-0.9419785241425243
Sr11P8S1,-1.1712679819014324
Sr11P9S0,-0.9435940544538794
Sr12P0S1,-0.6696448904163864
Sr12P0S5,-1.0022222518731265
Sr12P0S7,-1.0824152657092907
Sr12P1S0,-0.5867749587739319
Sr12P1S1,-0.735038689320354
Sr12P1S2,-0.8135205616104819
Sr12P1S3,-0.9524478480269724
Sr12P1S4,-1.0355702618076366
Sr12P1S5,-1.0940133988539238
Sr12P1S6,-1.1317899443362192
Sr12P1S7,-1.1211103715839716
Sr12P2S1,-0.7699736889914345
Sr12P2S3,-1.036332309426684
Sr12P2S5,-1.1225877278860026
Sr12P3S1,-0.8483868127400368
Sr12P3S2,-1.012543272521922
Sr12P3S4,-1.1188834530386278
Sr12P3S5,-1.1265321667138417
Sr12P4S1,-0.9711120365911861
Sr12P4S3,-1.1019622685730932
Sr12P5S0,-0.7614274012487511
Sr12P5S1,-1.0468076895548897
Sr12P5S2,-1.094225347077922
Sr12P5S3,-1.1050176135031633
Sr12P6S1,-1.0732763855394603
Sr12P7S0,-0.9143480101315347
Sr12P7S1,-1.0925553466200464
Sr13P0S1,-0.6683630142259102
Sr13P0S2,-0.7125604997438488
Sr13P0S3,-0.7775867546513592
Sr13P0S4,-0.8460521045787539
Sr13P0S5,-0.9593675770313016
Sr13P0S6,-1.0056069679986677
Sr13P0S7,-1.0255296752053498
Sr13P1S0,-0.5885291470498801
Sr13P1S1,-0.6930167408466056
Sr13P1S2,-0.7648809023197727
Sr13P1S3,-0.8488517632728376
Sr13P1S4,-0.9681724245060491
Sr13P1S5,-1.0406627789821288
Sr13P1S6,-1.076237791192141
Sr13P2S0,-0.5723766794157769
Sr13P2S1,-0.7471532168014984
Sr13P2S2,-0.7930978554584297
Sr13P2S3,-0.9589913233155728
Sr13P2S4,-1.0342058387140636
Sr13P2S5,-1.075337842932068
Sr13P3S0,-0.6096409386810729
Sr13P3S1,-0.7661643126012868
Sr13P3S2,-0.9093183619741362
Sr13P3S3,-1.0134843851426347
Sr13P3S4,-1.0611412850899102
Sr13P4S0,-0.6378927427129887
Sr13P4S1,-0.8364608137751129
Sr13P4S2,-1.001619848346098
Sr13P4S3,-1.0481654664918416
Sr13P5S0,-0.7155876754052961
Sr13P5S1,-0.9811190558552556
Sr13P5S2,-1.0310582283966034
Sr13P6S0,-0.8026593793430251
Sr13P6S1,-1.0217836153013655
Sr13P7S0,-0.8559352277139523
Sr14P0S1,-0.6549610203097472
Sr14P0S3,-0.7250682535025084
Sr14P0S5,-0.9166976160256404
Sr14P1S0,-0.5850446470498801
Sr14P1S1,-0.6820652408466059
Sr14P1S2,-0.7145390580137864
Sr14P1S3,-0.7550782137001879
Sr14P1S4,-0.8981718459207451
Sr14P1S5,-0.9776658791902538
Sr14P2S1,-0.699461499227114
Sr14P2S3,-0.8691188935397927
Sr14P3S0,-0.6034453735181657
Sr14P3S1,-0.7124750520168419
Sr14P3S2,-0.8003356036713279
Sr14P3S3,-0.9507023720473967
Sr14P4S1,-0.7716974665861908
Sr14P5S0,-0.6639748704602417
Sr14P5S1,-0.9119541263486507
Sr15P0S1,-0.6298179479413263
Sr15P0S2,-0.6966893773317667
Sr15P0S4,-0.7654773783040227
Sr15P1S0,-0.5850446470498801
Sr15P1S1,-0.6694010895160738
Sr15P1S2,-0.7031304178203541
Sr15P1S3,-0.75169253952701
Sr15P1S4,-0.8370057406704399
Sr15P2S0,-0.5689949205425553
Sr15P2S1,-0.6710240543383772
Sr15P2S2,-0.6958539320564106
Sr15P2S3,-0.7927671082806076
Sr15P3S1,-0.6919128348036634
Sr15P3S2,-0.7384088864274608
Sr15P4S0,-0.6562610738597832
Sr15P4S1,-0.7114714053668547
